{
  "urls": [
    "sequence.ogg",
    "sequence.m4a",
    "sequence.mp3",
    "sequence.ac3"
  ],
  "sprite": {
    "audio1": [
      0,
      12177.460317460318
    ],
    "audio2": [
      14000,
      15297.256235827665
    ],
    "audio3": [
      31000,
      28101.24716553288
    ]
  }
}