{
  "urls": [
    "elonFinal.ogg",
    "elonFinal.m4a",
    "elonFinal.mp3",
    "elonFinal.ac3"
  ],
  "sprite": {
    "elon": [
      0,
      99346.59863945578
    ],
    "elon2": [
      101000,
      99346.59863945578
    ],
    "elon3": [
      202000,
      99346.5986394558
    ]
  }
}