{
  "urls": [
    "sequence.ogg",
    "sequence.m4a",
    "sequence.mp3",
    "sequence.ac3"
  ],
  "sprite": {
    "audio1": [
      0,
      6487.165532879819
    ],
    "audio2": [
      8000,
      4508.9795918367345
    ],
    "audio3": [
      14000,
      4072.653061224489
    ],
    "audio4": [
      20000,
      7388.956916099773
    ]
  }
}